,Name,Price,Red,Green,Blue,Type
0,MEN DRY STRECTH SWEATPANTS GRAY 29-90,29.9,203,201,203,P a n t
1,MEN DRY STRETCH SWEATPANTS BLACK 29-90,29.9,57,48,47,P a n t
2,MEN DRY STRETCH SWEATPANTS BLUE 29-90,29.9,52,49,65,P a n t
3,MEN DRY STRETCH SWEATPANTS DARK GRAY 29-90,29.9,102,94,94,P a n t
4,MEN EZY DRY-EX ULTRA STRETCH JOGGER PANTS BLACK 39-90,39.9,43,43,43,P a n t
5,MEN EZY DRY-EX ULTRA STRETCH JOGGER PANTS GRAY 39-90,39.9,134,130,127,P a n t
6,MEN EZY DRY-EX ULTRA STRETCH JOGGER PANTS NAVY 39-90,39.9,54,54,65,P a n t
7,MEN EZY SLIM-FIT JOGGER PANTS BROWN 39-90,39.9,157,113,71,P a n t
8,MEN EZY SLIM-FIT JOGGER PANTS NATURAL 39-90,39.9,221,212,205,P a n t
9,MEN EZY SLIM-FIT JOGGER PANTS NAVY 39-90,39.9,51,45,50,P a n t
10,MEN EZY SLIM-FIT JOGGER PANTS OLIVE 39-90,39.9,105,99,77,P a n t
11,MEN SLIM FIT JEAN BLACK 49-90,49.9,29,25,26,P a n t
12,MEN SLIM-FIT CHINO FLAT FRONT PANTS 39-90,39.9,80,78,79,P a n t
13,MEN SLIM-FIT JEAN 49-90,49.9,189,194,202,P a n t
14,MEN SWEATPANTS BLUE 29-90,29.9,67,74,104,P a n t
15,MEN VINTAGE REGULAR-FIT CHINO PANTS 39-90,39.9,149,112,77,P a n t
0,BILLIE EILISH X TAKASHI MURAKAMI CAP (ONLINE EXCLUSIVE) BLACK 14-90,14.9,44,39,41,Hats
1,HEATTECH KNITTED CAP BLACK 14-90,14.9,36,29,29,Hats
2,HEATTECH KNITTED CAP BLUE 14-90,14.9,79,83,109,Hats
3,HEATTECH KNITTED CAP BROWN 14-90,14.9,189,175,162,Hats
4,HEATTECH KNITTED CAP GRAY 14-90,14.9,197,190,185,Hats
5,HEATTECH KNITTED CAP NAVY 14-90,14.9,35,33,41,Hats
6,HEATTECH KNITTED CAP ONE BLACK 14-90,14.9,31,29,30,Hats
7,HEATTECH KNITTED CAP ONE BROWN 14-90,14.9,116,88,64,Hats
8,HEATTECH KNITTED CAP ONE DARK GRAY 14-90,14.9,49,47,48,Hats
9,HEATTECH KNITTED CAP ONE GRAY 14-90,14.9,185,180,172,Hats
10,HEATTECH KNITTED CAP ORANGE 14-90,14.9,184,58,37,Hats
11,HEATTECH KNITTED CAP YELLOW 14-90,14.9,197,131,54,Hats
12,TENNIS CAP (KEI NISHIKORI 20FRA) OFF DARK GREY 29-90,29.9,88,85,107,Hats
13,TENNIS CAP (KEI NISHIKORI 20FRA) OFF WHITE 29-90,29.9,201,55,51,Hats
14,UV PROTECTION DENIM CAP NAVY 19-90,19.9,46,48,67,Hats
15,UV PROTECTION SPORTS CAP BLACK 19-90,19.9,54,47,45,Hats
16,UV PROTECTION SPORTS CAP NAVY 19-90,19.9,50,51,73,Hats
17,UV PROTECTION SPORTS CAP ONE LIGHT GRAY 19-90,19.9,146,139,144,Hats
18,UV PROTECTION SPORTS CAP ONE NAVY 19-90,19.9,55,54,77,Hats
19,UV PROTECTION TWILL CAP BEIGE 19-90,19.9,209,189,163,Hats
20,UV PROTECTION TWILL CAP NATURAL 19-90,19.9,225,217,207,Hats
21,UV PROTECTION TWILL CAP NAVY 19-90,19.9,45,39,45,Hats
0,MEN COTTON RIBBED BLOUSON BEIGE 49-90,49.9,223,212,203,Jackets
1,MEN COTTON RIBBED BLOUSON BLUE 49-90,49.9,165,172,194,Jackets
2,MEN COTTON RIBBED BLOUSON NAVY 49-90,49.9,54,53,73,Jackets
3,MEN LIGHT PADDED PARKA BLACK 29-90,29.9,54,50,50,Jackets
4,MEN LIGHT PADDED PARKA BLUE 29-90,29.9,61,98,179,Jackets
5,MEN LIGHT PADDED PARKA DARK GREEN 29-90,29.9,60,86,84,Jackets
6,MEN LIGHT PADDED PARKA LIGHT GRAY 29-90,29.9,85,77,80,Jackets
7,MEN LIGHT PADDED PARKA NAVY 29-90,29.9,52,53,66,Jackets
8,MEN LIGHT PADDED PARKA RED 29-90,29.9,215,42,44,Jackets
9,MEN ULTRA LIGHT DOWN PARKA BLACK 69-90,69.9,36,34,35,Jackets
10,MEN ULTRA LIGHT DOWN PARKA BLUE 69-90,69.9,76,86,137,Jackets
11,MEN ULTRA LIGHT DOWN PARKA DARK GREEN 69-90,69.9,76,93,93,Jackets
12,MEN ULTRA LIGHT DOWN PARKA GRAY 69-90,69.9,194,191,195,Jackets
13,MEN ULTRA LIGHT DOWN PARKA NAVY 69-90,69.9,44,41,56,Jackets
14,MEN ULTRA LIGHT DOWN PARKA OFF WHITE 69-90,69.9,225,217,209,Jackets
15,MEN ULTRA LIGHT DOWN PARKA ORANGE 69-90,69.9,245,94,32,Jackets
16,MEN ULTRA LIGHT DOWN PARKA YELLOW 69-90,69.9,240,194,43,Jackets
0,RISM FACE MASK (PACK OF 3) BLACK 14-90,14.9,37,37,37,Masks
1,RISM FACE MASK (PACK OF 3) GRAY 14-90,14.9,209,209,213,Masks
2,RISM FACE MASK (PACK OF 3) WHITE 14-90,14.9,196,196,196,Masks
0,OSSING LINES UT KEITH HARING BLACK 14-90,14.9,27,24,25,Shirts
1,OSSING LINES UT KEITH HARING ORANGE 14-90,14.9,250,114,61,Shirts
2,OSSING LINES UT KEITH HARING WHITE 14-90,14.9,51,45,44,Shirts
3,O UKIYO-E UT NAVY 14-90,14.9,62,52,62,Shirts
4,O UKIYO-E UT WHITE 14-90,14.9,230,228,232,Shirts
5,O UKIYO-E UT WHITE-RED 14-90,14.9,230,229,232,Shirts
6,AN MICHEL BASQUIAT WARNER BROS UT NATURAL 19-90,19.9,226,215,209,Shirts
7,AN MICHEL BASQUIAT WARNER BROS UT YELLOW 19-90,19.9,250,173,9,Shirts
8,GIC FOR ALL ICONS WORLD UT 19-90,19.9,45,53,74,Shirts
9,N AIRISM UV PROTECTION CREW NECK LONG-SLEEVE T-SHIRT GRAY 19-90,19.9,200,200,200,Shirts
10,N AIRISM UV PROTECTION CREW NECK LONG-SLEEVE T-SHIRT GREEN 19-90,19.9,156,164,164,Shirts
11,N AIRISM UV PROTECTION CREW NECK LONG-SLEEVE T-SHIRT RED 19-90,19.9,213,114,110,Shirts
12,N HEATTECH CREW NECK SHORT-SLEEVE T-SHIRT BROWN 14-90,14.9,128,93,68,Shirts
13,N HEATTECH CREW NECK SHORT-SLEEVE T-SHIRT DARK GREEN 14-90,14.9,83,81,64,Shirts
14,N HEATTECH CREW NECK SHORT-SLEEVE T-SHIRT NAVY 14-90,14.9,40,45,54,Shirts
15,CKEY MOUSE X KEITH HARING UT BLACK 14-90,14.9,30,28,28,Shirts
16,CREW NECK LONG-SLEEVE T-SHIRT BLACK 19-90,19.9,29,27,28,Shirts
17,CREW NECK LONG-SLEEVE T-SHIRT DARK BROWN 19-90,19.9,129,84,63,Shirts
18,CREW NECK LONG-SLEEVE T-SHIRT MUSTARD 19-90,19.9,140,100,60,Shirts
19,CREW NECK LONG-SLEEVE T-SHIRT NATURAL 19-90,19.9,228,217,210,Shirts
20,CREW NECK LONG-SLEEVE T-SHIRT NAVY 19-90,19.9,52,48,74,Shirts
21,CREW NECK LONG-SLEEVE T-SHIRT WHITE 19-90,19.9,230,230,233,Shirts
22,CREW NECK SHORT-SLEEVE T-SHIRT BLACK 9-90,9.9,35,33,34,Shirts
23,CREW NECK SHORT-SLEEVE T-SHIRT BLUE 5-90,5.9,60,68,72,Shirts
24,CREW NECK SHORT-SLEEVE T-SHIRT BROWN 9-90,9.9,91,87,80,Shirts
25,CREW NECK SHORT-SLEEVE T-SHIRT GREEN 7-90,7.9,164,172,153,Shirts
26,CREW NECK SHORT-SLEEVE T-SHIRT LIGHT GRAY 9-90,9.9,195,194,198,Shirts
27,CREW NECK SHORT-SLEEVE T-SHIRT NATURAL 9-90,9.9,226,215,208,Shirts
28,CREW NECK SHORT-SLEEVE T-SHIRT NAVY 9-90,9.9,44,64,72,Shirts
29,CREW NECK SHORT-SLEEVE T-SHIRT ORANGE 5-90,5.9,209,164,142,Shirts
30,CREW NECK SHORT-SLEEVE T-SHIRT PINK 7-90,7.9,204,179,181,Shirts
31,CREW NECK SHORT-SLEEVE T-SHIRT WHITE 9-90,9.9,37,31,29,Shirts
32,CREW NECK SHORT-SLEEVE T-SHIRT YELLOW 5-90,5.9,237,220,161,Shirts
33,OVERSIZED CREW NECK SHORT-SLEEVE T-SHIRT BLACK 14-90.jpg,14.9,34,32,33,Shirts
34,OVERSIZED CREW NECK SHORT-SLEEVE T-SHIRT DARK ORANGE 7-90.jpg,7.9,178,84,41,Shirts
35,OVERSIZED CREW NECK SHORT-SLEEVE T-SHIRT GRAY 7-90.jpg,7.9,110,102,99,Shirts
36,OVERSIZED CREW NECK SHORT-SLEEVE T-SHIRT NATURAL 7-90.jpg,7.9,231,220,211,Shirts
37,OVERSIZED CREW NECK SHORT-SLEEVE T-SHIRT NAVY 14-90.jpg,14.9,51,51,56,Shirts
38,OVERSIZED CREW NECK SHORT-SLEEVE T-SHIRT ORANGE 5-90.jpg,5.9,218,163,133,Shirts
39,OVERSIZED CREW NECK SHORT-SLEEVE T-SHIRT WHITE 14-90.jpg,14.9,39,33,31,Shirts
0,MEN CARGO SHORTS DARK GRAY 9-90,9.9,146,135,109,Shorts
1,MEN CHINO SHORTS (ONLINE EXCLUSIVE) OLIVE 29-90,29.9,87,74,50,Shorts
2,MEN CHINO SHORTS (ONLINE EXCLUSIVE) ORANGE 29-90,29.9,143,78,32,Shorts
3,MEN CHINO SHORTS (ONLINE EXCLUSIVE) RED 29-90,29.9,89,38,43,Shorts
4,MEN CHINO SHORTS (TALL) (ONLINE EXCLUSIVE) BLUE 19-90,19.9,104,123,150,Shorts
5,MEN CHINO SHORTS (TALL) (ONLINE EXCLUSIVE) DARK GRAY 19-90,19.9,96,90,91,Shorts
6,MEN CHINO SHORTS (TALL) (ONLINE EXCLUSIVE) DARK GREEN 19-90,19.9,124,117,89,Shorts
7,MEN CHINO SHORTS (TALL) (ONLINE EXCLUSIVE) GREEN 19-90,19.9,130,132,109,Shorts
8,MEN CHINO SHORTS (TALL) (ONLINE EXCLUSIVE) NAVY 19-90,19.9,50,43,55,Shorts
9,MEN CHINO SHORTS (TALL) (ONLINE EXCLUSIVE) WHITE 19-90,19.9,236,234,230,Shorts
10,MEN CHINO SHORTS BROWN 29-90,29.9,172,131,84,Shorts
11,MEN DRY SHORTS (KEI NISHIKORI 20FRA) DARK GRAY 39-90,39.9,101,74,97,Shorts
12,MEN DRY SHORTS (KEI NISHIKORI 20FRA) OFF WHITE 39-90,39.9,232,226,219,Shorts
13,MEN DRY STRETCH EASY SHORTS BEIGE 19-90,19.9,203,183,157,Shorts
14,MEN DRY STRETCH EASY SHORTS BLUE 19-90,19.9,59,82,129,Shorts
15,MEN DRY-EX SHORTS BLACK 19-90,19.9,37,35,38,Shorts
16,MEN DRY-EX SHORTS GRAY 19-90,19.9,149,149,150,Shorts
17,MEN DRY-EX SHORTS NAVY 19-90,19.9,57,54,77,Shorts
18,MEN DRY-EX ULTRA STRETCH ACTIVE SHORTS BEIGE 14-90,14.9,183,151,112,Shorts
19,MEN DRY-EX ULTRA STRETCH ACTIVE SHORTS BLACK 14-90,14.9,48,46,47,Shorts
20,MEN DRY-EX ULTRA STRETCH ACTIVE SHORTS GRAY 14-90,14.9,143,142,142,Shorts
21,MEN DRY-EX ULTRA STRETCH ACTIVE SHORTS NAVY 14-90,14.9,59,56,67,Shorts
22,MEN JERSEY EASY SHORTS BLUE 19-90,19.9,60,66,108,Shorts
23,MEN JERSEY EASY SHORTS OFF WHITE 19-90,19.9,234,231,225,Shorts
24,MEN KANDO SHORTS BEIGE 29-90,29.9,200,180,155,Shorts
25,MEN KANDO SHORTS BLUE 29-90,29.9,57,59,77,Shorts
26,MEN KANDO SHORTS DARK GRAY 29-90,29.9,51,47,49,Shorts
27,MEN LINEN BLENDED SHORTS ORANGE 29-90,29.9,202,113,78,Shorts
28,MEN STRETCH SLIM-FIT SHORTS BLUE 29-90,29.9,100,108,128,Shorts
29,MEN STRETCH SLIM-FIT SHORTS NATURAL 29-90,29.9,231,220,209,Shorts
30,MEN ULTRA STRETCH ACTIVE SHORTS GRAY 14-90,14.9,51,49,47,Shorts
0,JEAN-MICHEL BASQUIAT WARNER BROS. SWEAT PULLOVER HOODIE 29-90.jpg,29.9,228,227,231,Sweater
1,JEAN-MICHEL BASQUIAT WARNER BROS. SWEAT PULLOVER HOODIE BLACK 29-90,29.9,35,31,33,Sweater
2,KEITH HARING UT LONG-SLEEVE SWEATSHIRT 29-90,29.9,225,101,66,Sweater
3,MEN EXTRA FINE MERINO CREW NECK LONG-SLEEVE SWEATER BLACK 29-90.jpg,29.9,26,24,24,Sweater
4,MEN EXTRA FINE MERINO CREW NECK LONG-SLEEVE SWEATER BLUE 14-90,14.9,39,58,98,Sweater
5,MEN EXTRA FINE MERINO CREW NECK LONG-SLEEVE SWEATER DARK BROWN 14-90,14.9,56,37,35,Sweater
6,MEN EXTRA FINE MERINO CREW NECK LONG-SLEEVE SWEATER DARK GRAY 29-90,29.9,47,43,44,Sweater
7,MEN EXTRA FINE MERINO CREW NECK LONG-SLEEVE SWEATER GRAY 29-90,29.9,189,186,184,Sweater
8,MEN EXTRA FINE MERINO CREW NECK LONG-SLEEVE SWEATER ORANGE 14-90,14.9,154,55,37,Sweater
9,MEN FLUFFY YARN FLEECE FULL ZIP JACKET 29-20.jpg,29.2,187,187,189,Sweater
10,MEN FLUFFY YARN FLEECE FULL ZIP JACKET BLACK 29-20.jpg,29.2,30,28,29,Sweater
11,MEN LONG-SLEEVE HOODED SWEATSHIRT GRAY 29-90,29.9,180,178,180,Sweater
12,MEN LONG-SLEEVE HOODED SWEATSHIRT NAVY 29-90,29.9,65,64,81,Sweater
13,MEN U MIDDLE GAUGE MOCK-NECK LONG-SLEEVE SWEATER BLACK 39-90,39.9,40,36,37,Sweater
14,MEN U MIDDLE GAUGE MOCK-NECK LONG-SLEEVE SWEATER DARL BROWN 39-90,39.9,142,100,78,Sweater
15,MEN U PULLOVER HOODIE BLACK 39-90,39.9,39,36,36,Sweater
16,MEN U PULLOVER HOODIE DARK BROWN 39-90,39.9,98,73,59,Sweater
17,MEN U PULLOVER HOODIE PINK 39-90,39.9,218,208,208,Sweater
18,MEN U PULLOVER HOODIE YELLOW 39-90,39.9,213,178,140,Sweater
19,MICKEY MOUSE X KEITH HARING UT LONG-SLEEVE SWEATSHIRT 29-90,29.9,77,90,121,Sweater
20,MICKEY MOUSE X KEITH HARING UT LONG-SLEEVE SWEATSHIRT BLACK 29-90,29.9,40,35,39,Sweater
21,MICKEY MOUSE X KEITH HARING UT LONG-SLEEVE SWEATSHIRT GRAY 29-90,29.9,199,197,198,Sweater
